http://www.johnmcmillanpc.org/,http://s3.amazonaws.com/mychurchwebsite/c2510/preschool_2015-2016_color_brochure_1.pdf
http://www.johnmcmillanpc.org/,http://s3.amazonaws.com/mychurchwebsite/c2510/preschool_registration_form_15-16_1.pdf
http://www.johnmcmillanpc.org/,http://s3.amazonaws.com/mychurchwebsite/c2510/preschool_registration_form_15-16_1.pdf
http://www.johnmcmillanpc.org/,http://mychurchwebsite.s3.amazonaws.com/c2510/interface_december_2015_issue.pdf
http://www.johnmcmillanpc.org/,http://mychurchwebsite.s3.amazonaws.com/c2510/interface_december_2015_church_calendar.pdf
http://www.johnmcmillanpc.org/page/vacation_bible_school,http://s3.amazonaws.com/mychurchwebsite/c2510/vbs_volunteer_registration_form_2015.pdf
http://www.johnmcmillanpc.org/page/vacation_bible_school_8948,http://s3.amazonaws.com/mychurchwebsite/c2510/vbs_volunteer_registration_form_2015.pdf
http://www.johnmcmillanpc.org/page/mission,http://s3.amazonaws.com/mychurchwebsite/c2510/family_promise.pdf
http://www.johnmcmillanpc.org/page/general_information,http://www.johnmcmillanpc.org/userFiles/2510/three_year_old_class_information_2013.pdf
http://www.johnmcmillanpc.org/page/general_information,http://s3.amazonaws.com/mychurchwebsite/c2510/lunch_and_learning_info_for_website.pdf
http://www.johnmcmillanpc.org/page/preschool_general_information,http://www.johnmcmillanpc.org/userFiles/2510/three_year_old_class_information_2013.pdf
http://www.johnmcmillanpc.org/page/preschool_general_information,http://s3.amazonaws.com/mychurchwebsite/c2510/lunch_and_learning_info_for_website.pdf
http://www.johnmcmillanpc.org/page/class_information,http://mychurchwebsite.s3.amazonaws.com/c2510/parent__tot_class_1.pdf
http://www.johnmcmillanpc.org/page/class_information,http://mychurchwebsite.s3.amazonaws.com/c2510/info_four_year_old_class_information_1-20-14.pdf
http://www.johnmcmillanpc.org/page/class_information,http://mychurchwebsite.s3.amazonaws.com/c2510/info_t_class_information_1-20-14.pdf
http://www.johnmcmillanpc.org/page/class_information,http://mychurchwebsite.s3.amazonaws.com/c2510/info_lunch_and_learning_info_for_website_1-20-14.pdf
http://www.johnmcmillanpc.org/page/current_calendar,http://mychurchwebsite.s3.amazonaws.com/c2510/preschool_december_2015_calendar.pdf
http://www.johnmcmillanpc.org/page/current_newsletter,http://mychurchwebsite.s3.amazonaws.com/c2510/preschool_newsletter_january_2016.pdf
http://www.johnmcmillanpc.org/page/archived_20152016_newsletters_and_calendars,http://mychurchwebsite.s3.amazonaws.com/c2510/preschool_october_2015_newsletter_1.pdf
http://www.johnmcmillanpc.org/page/archived_20152016_newsletters_and_calendars,http://mychurchwebsite.s3.amazonaws.com/c2510/preschool_october_2015_calendar_1.pdf
http://www.johnmcmillanpc.org/page/archived_20152016_newsletters_and_calendars,http://mychurchwebsite.s3.amazonaws.com/c2510/preschool_november_2015_newsletter.pdf
http://www.johnmcmillanpc.org/page/archived_20152016_newsletters_and_calendars,http://mychurchwebsite.s3.amazonaws.com/c2510/preschool_nov_2015_calendar.pdf
http://www.johnmcmillanpc.org/page/archived_20152016_newsletters_and_calendars,http://mychurchwebsite.s3.amazonaws.com/c2510/preschool_newsletter_dec_2015.pdf
http://www.johnmcmillanpc.org/page/archived_20152016_newsletters_and_calendars,http://mychurchwebsite.s3.amazonaws.com/c2510/preschool_december_2015_calendar_1.pdf
http://www.johnmcmillanpc.org/page/forms,http://mychurchwebsite.s3.amazonaws.com/c2510/preschool_registration_form_15-16_1.pdf
http://www.johnmcmillanpc.org/page/forms,http://mychurchwebsite.s3.amazonaws.com/c2510/pick_up_permission_form_1.pdf
http://www.johnmcmillanpc.org/page/informational_brochure,http://mychurchwebsite.s3.amazonaws.com/c2510/preschool_2015-2016_color_brochure_1.pdf
http://www.johnmcmillanpc.org/page/informational_brochure,http://mychurchwebsite.s3.amazonaws.com/c2510/kind_klub_insert_2013_for_web.pdf
http://www.johnmcmillanpc.org/page/pa_learning_standards_for_early_childhood,http://mychurchwebsite.s3.amazonaws.com/c2510/2014_pennsylvania_learning_standards_for_early_childhood_prekindergarten.pdf
http://www.johnmcmillanpc.org/page/pa_learning_standards_for_early_childhood,http://mychurchwebsite.s3.amazonaws.com/c2510/2014_pennsylvania_learning_standards_for_early_childhood_continuum_1.pdf
http://www.johnmcmillanpc.org/page/community_demographic_information,http://mychurchwebsite.s3.amazonaws.com/c2510/info_15102_15129_15367.pdf
http://www.johnmcmillanpc.org/page/2014_annual_report,http://mychurchwebsite.s3.amazonaws.com/c2510/annual_report_2014_1.pdf
